repeticion,enteros,bytes,tiempo_total_s,tiempo_promedio_ms
1,1,4,0.000172698,0.000345396
2,1,4,0.000153596,0.000307192
3,1,4,0.000148592,0.000297184
4,1,4,0.000153834,0.000307668
5,1,4,0.000171527,0.000343054
6,1,4,0.000153206,0.000306412
7,1,4,0.000173190,0.000346380
1,16,64,0.000186808,0.000373616
2,16,64,0.000194756,0.000389512
3,16,64,0.000167504,0.000335008
4,16,64,0.000185948,0.000371896
5,16,64,0.000163671,0.000327342
6,16,64,0.000177825,0.000355650
7,16,64,0.000174795,0.000349590
1,256,1024,0.000431268,0.000862536
2,256,1024,0.000436926,0.000873852
3,256,1024,0.000462868,0.000925736
4,256,1024,0.000587223,0.001174446
5,256,1024,0.000570683,0.001141366
6,256,1024,0.000438390,0.000876780
7,256,1024,0.000460984,0.000921968
1,4096,16384,0.003111873,0.006223746
2,4096,16384,0.003115060,0.006230120
3,4096,16384,0.003149289,0.006298578
4,4096,16384,0.003038055,0.006076110
5,4096,16384,0.003076248,0.006152496
6,4096,16384,0.003086410,0.006172820
7,4096,16384,0.002992816,0.005985632
1,65536,262144,0.021556306,0.043112612
2,65536,262144,0.020548793,0.041097586
3,65536,262144,0.021216024,0.042432048
4,65536,262144,0.021001496,0.042002992
5,65536,262144,0.020525491,0.041050982
6,65536,262144,0.020882396,0.041764792
7,65536,262144,0.023090850,0.046181700
