repeticion,total_enteros,chunk_enteros,chunk_bytes,chunks,tiempo_total_s
1,4194304,256,1024,16384,0.006597604
2,4194304,256,1024,16384,0.006632449
3,4194304,256,1024,16384,0.006809438
4,4194304,256,1024,16384,0.006344899
5,4194304,256,1024,16384,0.006210721
6,4194304,256,1024,16384,0.006372196
7,4194304,256,1024,16384,0.006431508
1,4194304,1024,4096,4096,0.007094460
2,4194304,1024,4096,4096,0.006718022
3,4194304,1024,4096,4096,0.007659853
4,4194304,1024,4096,4096,0.006500201
5,4194304,1024,4096,4096,0.007392685
6,4194304,1024,4096,4096,0.006927877
7,4194304,1024,4096,4096,0.007245776
1,4194304,4096,16384,1024,0.004445984
2,4194304,4096,16384,1024,0.004143288
3,4194304,4096,16384,1024,0.004399209
4,4194304,4096,16384,1024,0.004624710
5,4194304,4096,16384,1024,0.004363640
6,4194304,4096,16384,1024,0.004434006
7,4194304,4096,16384,1024,0.004261351
1,4194304,16384,65536,256,0.003764940
2,4194304,16384,65536,256,0.003754631
3,4194304,16384,65536,256,0.004036532
4,4194304,16384,65536,256,0.003452561
5,4194304,16384,65536,256,0.003698994
6,4194304,16384,65536,256,0.003765271
7,4194304,16384,65536,256,0.004092472
1,4194304,65536,262144,64,0.003521035
2,4194304,65536,262144,64,0.003706084
3,4194304,65536,262144,64,0.003562333
4,4194304,65536,262144,64,0.003801283
5,4194304,65536,262144,64,0.003554486
6,4194304,65536,262144,64,0.003588451
7,4194304,65536,262144,64,0.003825804
1,4194304,262144,1048576,16,0.003958489
2,4194304,262144,1048576,16,0.004161171
3,4194304,262144,1048576,16,0.004054278
4,4194304,262144,1048576,16,0.004301108
5,4194304,262144,1048576,16,0.004504989
6,4194304,262144,1048576,16,0.004228238
7,4194304,262144,1048576,16,0.004375027
