repeticion,enteros,bytes,tiempo_s,pruebas_mpi_test,operaciones
1,1,4,0.000111663,1,50000
2,1,4,0.000115640,1,50000
3,1,4,0.000109194,1,50000
4,1,4,0.000108881,1,50000
5,1,4,0.000122857,1,50000
6,1,4,0.000131132,1,50000
7,1,4,0.000109385,1,50000
1,1024,4096,0.000119349,1,50000
2,1024,4096,0.000116142,1,50000
3,1024,4096,0.000116330,1,50000
4,1024,4096,0.000116509,1,50000
5,1024,4096,0.000118926,1,50000
6,1024,4096,0.000124468,1,50000
7,1024,4096,0.000116662,1,50000
1,16384,65536,0.000125557,1,50000
2,16384,65536,0.000129803,1,50000
3,16384,65536,0.000125259,1,50000
4,16384,65536,0.000124712,1,50000
5,16384,65536,0.000126827,1,50000
6,16384,65536,0.000127035,1,50000
7,16384,65536,0.000141714,1,50000
1,262144,1048576,0.000307992,1,50000
2,262144,1048576,0.000370435,1,50000
3,262144,1048576,0.000313305,1,50000
4,262144,1048576,0.000375183,1,50000
5,262144,1048576,0.000336445,1,50000
6,262144,1048576,0.000394667,1,50000
7,262144,1048576,0.000320139,1,50000
1,1048576,4194304,0.001176818,1,50000
2,1048576,4194304,0.001021249,1,50000
3,1048576,4194304,0.001065963,1,50000
4,1048576,4194304,0.001071789,1,50000
5,1048576,4194304,0.001041229,1,50000
6,1048576,4194304,0.001075424,1,50000
7,1048576,4194304,0.001104901,1,50000
